epoch,loss,accuracy,precision,recall,f1,val_loss,val_accuracy,val_precision,val_recall,val_f1
1,0.39323294162750244,0.8368453979492188,0.36571651697158813,0.8088586926460266,0.5036935589556665,0.1636422574520111,0.9508068561553955,0.8191863298416138,0.6454293727874756,0.722000888173798
2,0.20351900160312653,0.9226332902908325,0.5764621496200562,0.9203099608421326,0.7088906248794078,0.12184153497219086,0.9568776488304138,0.7508796453475952,0.8444796204566956,0.7949338703870146
3,0.1372649371623993,0.943803608417511,0.6543145179748535,0.9560891389846802,0.7769269541983826,0.10438860952854156,0.9639276266098022,0.8759363293647766,0.7404036521911621,0.8024876755499056
4,0.09714330732822418,0.9574536681175232,0.7138954997062683,0.9751267433166504,0.824309563207499,0.12051615118980408,0.9580526351928711,0.7664714455604553,0.8286505937576294,0.7963491228965291
