,precision,recall,f1-score,support
0,0.9773074784542675,0.9809208231600977,0.9791108171152039,28670.0
1,0.8257406817457789,0.7987673343605547,0.8120300751879699,3245.0
accuracy,0.9624001253329155,0.9624001253329155,0.9624001253329155,0.9624001253329155
macro avg,0.9015240801000232,0.8898440787603261,0.8955704461515869,31915.0
weighted avg,0.9618967231567884,0.9624001253329155,0.9621226608390367,31915.0
