,precision,recall,f1-score,support
0,0.9820143884892086,0.9617370073247297,0.971769930217805,28670.0
1,0.7140995569455304,0.8443759630200308,0.7737927139226207,3245.0
accuracy,0.9498041673194423,0.9498041673194423,0.9498041673194423,0.9498041673194423
macro avg,0.8480569727173695,0.9030564851723802,0.8727813220702129,31915.0
weighted avg,0.9547737922692733,0.9498041673194423,0.9516403338876194,31915.0
