,precision,recall,f1-score,support
0,0.9749869542529136,0.9775374956400419,0.9762605590873465,28670.0
1,0.7968454258675078,0.7784283513097072,0.7875292283710055,3245.0
accuracy,0.95729280902397,0.95729280902397,0.95729280902397,0.95729280902397
macro avg,0.8859161900602107,0.8779829234748746,0.881894893729176,31915.0
weighted avg,0.9568741778277016,0.95729280902397,0.9570710504495735,31915.0
