,precision,recall,f1-score,support
0,0.8985174226447166,0.9956400418555982,0.9445887589139463,28670.0
1,0.14383561643835616,0.0064714946070878274,0.012385726924211147,3245.0
accuracy,0.8950650164499452,0.8950650164499452,0.8950650164499452,0.8950650164499452
macro avg,0.5211765195415363,0.501055768231343,0.47848724291907874,31915.0
weighted avg,0.8217841479732567,0.8950650164499452,0.8498057779079401,31915.0
