,precision,recall,f1-score,support
0,0.9740326919097869,0.9851761423090338,0.9795727266421586,28670.0
1,0.8543023654439492,0.7679506933744222,0.8088283024991886,3245.0
accuracy,0.9630894563684788,0.9630894563684788,0.9630894563684788,0.9630894563684788
macro avg,0.914167528676868,0.8765634178417281,0.8942005145706735,31915.0
weighted avg,0.9618589519949617,0.9630894563684788,0.9622120606122686,31915.0
