,precision,recall,f1-score,support
0,0.9754724151034649,0.9848971049877921,0.9801621049343076,28670.0
1,0.85411051212938,0.7812018489984591,0.816030902945437,3245.0
accuracy,0.9641861193796021,0.9641861193796021,0.9641861193796021,0.9641861193796021
macro avg,0.9147914636164225,0.8830494769931256,0.8980965039398723,31915.0
weighted avg,0.9631327824808453,0.9641861193796021,0.9634738470476122,31915.0
