,precision,recall,f1-score,support
0,0.9851591131753692,0.946982908964074,0.9656938590407085,28670.0
1,0.6510560146923783,0.873959938366718,0.7462176029469807,3245.0
accuracy,0.9395582014726618,0.9395582014726618,0.9395582014726618,0.9395582014726618
macro avg,0.8181075639338737,0.910471423665396,0.8559557309938446,31915.0
weighted avg,0.9511887370332007,0.9395582014726618,0.943378319293751,31915.0
